{
	"info": {
		"_postman_id": "92333571-c667-4d05-bf57-869363e49171",
		"name": "BlogPessoal",
		"schema": "https://schema.getpostman.com/json/collection/v2.1.0/collection.json"
	},
	"item": [
		{
			"name": "GetAll",
			"request": {
				"method": "GET",
				"header": [],
				"url": {
					"raw": "localhost:8080/postagem",
					"host": [
						"localhost"
					],
					"port": "8080",
					"path": [
						"postagem"
					]
				}
			},
			"response": []
		},
		{
			"name": "GetById",
			"request": {
				"method": "GET",
				"header": [],
				"url": {
					"raw": "localhost:8080/postagem/getById1/1",
					"host": [
						"localhost"
					],
					"port": "8080",
					"path": [
						"postagem",
						"getById1",
						"1"
					]
				}
			},
			"response": []
		}
	],
	"protocolProfileBehavior": {}
}